INSERT INTO utilizator (id_user, CNP, nume, prenume, adresa, email, parola, nr_telefon, cont_iban, nr_cont, nr_contact, tip) VALUES 
############################################### adaugare administratori
(1, '2020398240010', 'Pop', 'Andreea', 'Cupseni, Str.Principala, Nr.82', 'andreea54@yahoo.com', 'jhgshjg', '0787865523', 'RO49 AAAA 1B31 0075 9384 0000', "244789", '117-654-9810', 'administrator'),
(2, '223398240017', 'Pana', 'Andrei', 'Dej, Str.Secundara, Nr.14', 'andrei87@yahoo.com','jhggdggfjg', '07878656563', 'RO49 AAAA 1B31 0075 8744 0000', "222789", '987-654-3765', 'administrator'),
(3, '2028748240010', 'Popescu', 'Mihai', 'Cluj-Napoca, Str.AlexandruCelBun, Nr.32', 'mihai43@yahoo.com','jhggyyyhjg', '0787778523', 'RO49 AAAA 1B31 0075 9875 0000', "24999", '181-654-3210', 'administrator'),
(4, '2020390920060', 'Ciubotari', 'Alex', 'Oradea, Str.Primaverii, Nr.2', 'alex76@yahoo.com', 'oiuiyshjg', '0787865989', 'RO49 AAAA 1B31 0075 9246 0000', "245589", '123-654-3210', 'administrator'),
(5, '2020398247680', 'Morosan', 'Maria', 'Cluj-Napoca, Str.Baritiu, Nr.8', 'maria43@yahoo.com', 'jopopfhjg', '0776565523', 'RO49 AAAA 1B31 0075 7665 0000', "249899", '987-344-3210', 'super administrator'),
################################################ adaugare profesori
(6, '2021767644011', 'Neagu', 'Carmen', 'Cupseni, Str.Principala, Nr.82', 'andreea54@yahoo.com', 'iuisgshjg', '0787865523', 'RO49 AAAA 1B31 0075 9384 0000', "244789", '987-654-3210', 'student'),
(7, '2020398242334', 'Sabou', 'Raluca', 'Cluj-Napoca, Str.Principala, Nr.82', 'andreea54@yahoo.com','oioioshjg', '0787865523', 'RO49 AAAA 1B31 0075 9384 0000', "244789", '987-654-3210', 'student'),
(8, '2233398240010', 'Ianc', 'Cristina', 'Oradea, Str.Principala, Nr.82', 'andreea54@yahoo.com','jhgsgsdfhsy', '0787865523', 'RO49 AAAA 1B31 0075 9384 0000', "244789", '987-654-3210', 'student'),
(9, '2064398330320', 'Palievici', 'Cristian', 'Alba Iulia, Str.Principala, Nr.82', 'andreea54@yahoo.com','nhgshgjwsg', '0787865523', 'RO49 AAAA 1B31 0075 9384 0000', "244789", '987-654-3210', 'student'),
(10, '2020398888870', 'Magdici', 'Bogdan', 'Cluj-Napoca, Str.Principala, Nr.82', 'andreea54@yahoo.com','bdjsgfjs', '0787865523', 'RO49 AAAA 1B31 0075 9384 0000', "244789", '987-654-3210', 'student'),
(11, '2000098240010', 'Ungureanu', 'Octavian', 'Bucuresti, Str.Principala, Nr.82', 'andreea54@yahoo.com','hdgdhgvs', '0787865523', 'RO49 AAAA 1B31 0075 9384 0000', "244789", '987-654-3210', 'student'),
(12, '2020398789999', 'Neagu', 'Crina', 'Dej, Str.Principala, Nr.82', 'andreea54@yahoo.com','dnhfhds', '0787865523', 'RO49 AAAA 1B31 0075 9384 0000', "244789", '987-654-3210', 'student'),
(13, '2027777747878', 'Popa', 'Bianca', 'Cluj-Napoca, Str.Principala, Nr.82', 'andreea54@yahoo.com','jdsfjds', '0787865523', 'RO49 AAAA 1B31 0075 9384 0000', "244789", '987-654-3210', 'student'),
(14, '2020342786780', 'Gafencu', 'Andrei', 'Hunedoara, Str.Principala, Nr.82', 'andreea54@yahoo.com','eyjy', '0787865523', 'RO49 AAAA 1B31 0075 9384 0000', "244789", '987-654-3210', 'student'),
(15, '2032387844010', 'Tetel', 'Petru', 'Cluj-Napoca, Str.Principala, Nr.82', 'andreea54@yahoo.com', 'jewgfugg','0787865523', 'RO49 AAAA 1B31 0075 9384 0000', "244789", '987-654-3210', 'student'),
(16, '2020398332330', 'Clipa', 'Paul', 'Cluj-Napoca, Str.Principala, Nr.82', 'andreea54@yahoo.com','jefhg', '0787865523', 'RO49 AAAA 1B31 0075 9384 0000', "244789", '987-654-3210', 'student'),
(17, '2020398678990', 'Salar', 'Naomi', 'Baia Mare, Str.Principala, Nr.82', 'andreea54@yahoo.com','ekufhue', '0787865523', 'RO49 AAAA 1B31 0075 9384 0000', "244789", '987-654-3210', 'student'),
(18, '2020399876554', 'Balta', 'Damaris', 'Cluj-Napoca, Str.Principala, Nr.82', 'andreea54@yahoo.com','hdsgfh', '0787865523', 'RO49 AAAA 1B31 0075 9384 0000', "244789", '987-654-3210', 'student'),
(19, '2022112240010', 'Nistor', 'Claudia', 'Dej, Str.Principala, Nr.82', 'andreea54@yahoo.com','jdsfh', '0787865523', 'RO49 AAAA 1B31 0075 9384 0000', "244789", '987-654-3210', 'student'),
(20, '2020392398810', 'Lazurca', 'Tiberiu', 'Cluj-Napoca, Str.Principala, Nr.82', 'andreea54@yahoo.com', 'dshh','0787865523', 'RO49 AAAA 1B31 0075 9384 0000', "244789", '987-654-3210', 'student'),
################################################ adaugare studenti
(21, '2550111140010', 'Nichifor', 'Matei', 'Suceava, Str.Principala, Nr.82', 'andreea54@yahoo.com','dsjhfjk', '0787865523', 'RO49 AAAA 1B31 0075 9384 0000', "244789", '987-654-3210', 'profesor'),
(22, '9976555240010', 'Nutu', 'Gabriel', 'Oradea, Str.Principala, Nr.82', 'andreea54@yahoo.com', 'jmdbj','0787865523', 'RO49 AAAA 1B31 0075 9384 0000', "244789", '987-654-3210', 'profesor'),
(23, '2023338240111', 'Dragoi', 'Ionathan', 'Cluj-Napoca, Str.Principala, Nr.82', 'andreea54@yahoo.com', 'zjhvdfjk','0787865523', 'RO49 AAAA 1B31 0075 9384 0000', "244789", '987-654-3210', 'profesor'),
(24, '7720392554010', 'Moldovan', 'Ion', 'Brasov, Str.Principala, Nr.82', 'andreea54@yahoo.com','asjkf', '0787865523', 'RO49 AAAA 1B31 0075 9384 0000', "244789", '987-654-3210', 'profesor'),
(25, '2082798249862', 'Sabou', 'Denisa', 'Cluj-Napoca, Str.Principala, Nr.82', 'andreea54@yahoo.com', 'skjhk','0787865523', 'RO49 AAAA 1B31 0075 9384 0000', "244789", '987-654-3210', 'profesor'),
(26, '2020213673184', 'Popovici', 'Beatrice', 'Cluj-Napoca, Str.Principala, Nr.82', 'andreea54@yahoo.com', 'jsdhkjh','0787865523', 'RO49 AAAA 1B31 0075 9384 0000', "244789", '987-654-3210', 'profesor'),
(27, '8786726534210', 'Leuciuc', 'Codruta', 'Brasov, Str.Principala, Nr.82', 'andreea54@yahoo.com', 'idrigj','0787865523', 'RO49 AAAA 1B31 0075 9384 0000', "244789", '987-654-3210', 'profesor'),
(28, '2036476313310', 'Corniciuc', 'Daniel', 'Cluj-Napoca, Str.Principala, Nr.82', 'andreea54@yahoo.com','ekhw', '0787865523', 'RO49 AAAA 1B31 0075 9384 0000', "244789", '987-654-3210', 'profesor'),
(29, '2390398286710', 'Petrescu', 'David', 'Cluj-Napoca, Str.Principala, Nr.82', 'andreea54@yahoo.com','kjeshf', '0787865523', 'RO49 AAAA 1B31 0075 9384 0000', "244789", '987-654-3210', 'profesor'),
(30, '2029878286710', 'Franciuc', 'Adrian', 'Cluj-Napoca, Str.Principala, Nr.82', 'andreea54@yahoo.com','jgfeuw', '0787865523', 'RO49 AAAA 1B31 0075 9384 0000', "244789", '987-654-3210', 'profesor');


INSERT INTO profesor (id_profesor, nr_min_ore, nr_maxim_ore, cursuri, departament) VALUES 
#(1, 15, 20, 'Mathematica, Fizica', 'Stiinta'),
(21, 24, 40, 'Matematici Speciale', 'Matematica'),
(22, 20, 42, 'Matematici Complexe', 'Matematica'),
(23, 21, 38, 'Programarea Calculatoarelor', 'IT'),
(24, 19, 30, 'Structuri-Algoritmi', 'IT'),
(25, 18, 31, 'Programare-Asamblare', 'IT'),
(26, 5, 15, 'Lanturi muntoase', 'Geografie'),
(27, 3, 12, 'Apele', 'Geografie'),
(28, 18, 30, 'Electrotehnica', 'Electronica'),
(29, 12, 38, 'Masuratori si senzori', 'Electronica'),
(30, 19, 40, 'Circuite analogice', 'Electronica');

INSERT INTO materie (id_materie, denumire_materie, curs, seminar, laborator) VALUES 
#(1, 1, 'Matematica', 1, 0, 0);
(1,  'Matematici Speciale', TRUE, TRUE, FALSE),
(2,  'Programarea calc', TRUE, TRUE, TRUE),
(3,  'Structuri-Algoritmi', TRUE, TRUE, TRUE),
(4,  'Matematici Complexe', TRUE, TRUE, FALSE),
(5,  'Programare-Asamblare', TRUE, TRUE, TRUE),
(6,  'Lanturi muntoase', TRUE, FALSE, FALSE),
(7,  'Apele', TRUE, FALSE, FALSE),
(8,  'Electrotehnica', TRUE, TRUE, TRUE),
(9,  'Mas si senzori', TRUE, FALSE, TRUE),
(10,  'Circuite analogice', TRUE, FALSE, TRUE);

INSERT INTO grup_studiu (id_grup) VALUES 
(1), (2), (3), (4),(5),(6),(7),(8),(9), (10);

INSERT INTO student (id_student, an_studiu) VALUES 
(6, '2022-2023'),
(7, '2022-2023'),
(8, '2022-2023'),
(9, '2022-2023'),
(10, '2022-2023'),
(11, '2022-2023'),
(12, '2022-2023'),
(13, '2022-2023'),
(14, '2022-2023'),
(15, '2022-2023'),
(16, '2022-2023'),
(17, '2022-2023'),
(18, '2022-2023'),
(19, '2022-2023'),
(20, '2022-2023');

INSERT INTO administrator (id_administrator, tip) VALUES 
(1, 'Admin'),
(2, 'Admin'),
(3, 'Admin'),
(4, 'Admin'),
(5, 'Super admin');

INSERT INTO inscriere (student_id, materie_id) VALUES 
(6, 1),
(7, 2),
(8, 2),
(9, 3),
(10, 4),
(11, 3),
(12, 5),
(13, 7),
(14, 4),
(15, 3),
(16, 6),
(17, 8),
(18, 9),
(19, 10),
(20, 10);


INSERT INTO activitate (id_activitate, materie_id, tip_activitate, cologviu, examen, procent, nr_maxim_participanti) VALUES 
(1, 1, 'Curs', FALSE, TRUE, '20%', 20),
(2, 2, 'Curs', FALSE, TRUE, '25%', 25),
(3, 3, 'Laborator',TRUE, FALSE, '20%', 10),
(4, 4, 'Laborator', TRUE, FALSE, '10%', 25),
(5, 5, 'Curs', FALSE, TRUE, '25%', 30),
(6, 6, 'Seminar', FALSE, FALSE, '30%', 10),
(7, 7, 'Seminar', FALSE, FALSE, '40%', 10),
(8, 8, 'Curs', FALSE, TRUE, '50%', 20),
(9, 9, 'Curs', FALSE, TRUE, '20%', 15),
(10, 10, 'Laborator', TRUE, FALSE, '25%', 10);

#INSERT INTO inscriere_grup (student_id, grup_id) VALUES 
#(1, 1),(2, 1),(3, 1),(4, 1),(5, 1),(1, 2),(2, 2),(3, 2),(4, 2),(5, 2),(1, 3);


INSERT INTO mesaj (id_mesaj, continut) VALUES 
(1, 'Buna ziua!'),
(2, 'Hello!'),
(3, 'Ce faceti?!'),
(4, 'Dam test azi?!'),
(5, 'Intram azi pe meet?'),
(6, 'Buna ziua!'),
(7, 'Salut!'),
(8, 'Am o intrebare...'),
(9, 'Buna ziua!'),
(10, 'Salut!');

INSERT INTO activitate_grup (id_activitate_grup, descriere_activitate, data_activitate, ora_inceput_activitate, durata_activitate, nr_min_participanti, durata_exp_accept) VALUES 
(1, 'Intalnire de proiect', '2023-12-20', '14:00:00', '01:00:00', 5, '02:00:00'),
(2, 'Intalnire de seminar', '2023-11-21', '13:00:00', '00:30:00', 10, '01:00:00'),
(3, 'Intalnire de discutii', '2023-10-10', '12:00:00', '01:30:00', 20, '01:00:00'),
(4, 'Intalnire de planificare', '2023-09-11', '11:00:00', '02:00:00', 20, '02:30:00'),
(5, 'Intalnire pentru teme', '2023-08-12', '14:30:00', '02:00:00', 2, '03:00:00'),
(6, 'Intalnire de proiect', '2023-07-30', '14:20:00', '02:00:00', 5, '02:20:00'),
(7, 'Intalnire de seminar', '2023-06-25', '12:10:00', '02:00:00', 15, '02:10:00'),
(8, 'Intalnire de planificare', '2023-05-21', '11:00:00', '01:30:00', 20, '01:00:00'),
(9, 'Intalnire de planificare', '2023-01-17', '09:00:00', '02:30:00', 20, '01:00:00'),
(10, 'Intalnire pentru teme', '2023-12-14', '08:00:00', '01:50:00', 10, '01:00:00');

INSERT INTO note_activitate (nota) VALUES 
(9.5),
(5.5),
(5.5),
(6.5),
(7.5),
(8.5),
(9.5),
(9.5),
(5.5),
(5.5),
(6.5),
(7.5),
(8.5),
(9.5);

INSERT INTO note_finale (nota_finala) VALUES 
(9.5),
(5.5),
(5.5),
(6.5),
(7.5),
(8.5),
(9.5),
(9.5),
(5.5),
(5.5),
(6.5),
(7.5),
(8.5),
(9.5);